<?xml version="1.0" encoding="UTF-8"?>
<project-private xmlns="http://www.netbeans.org/ns/project-private/1">
    <editor-bookmarks xmlns="http://www.netbeans.org/ns/editor-bookmarks/2" lastBookmarkId="0"/>
    <open-files xmlns="http://www.netbeans.org/ns/projectui-open-files/2">
        <group>
            <file>file:/C:/Users/msi/Documents/NetBeansProjects/WebTechLab/web/filter.jsp</file>
            <file>file:/C:/Users/msi/Documents/NetBeansProjects/WebTechLab/src/java/servlet/rent.java</file>
            <file>file:/C:/Users/msi/Documents/NetBeansProjects/WebTechLab/src/java/servlet/search.java</file>
            <file>file:/C:/Users/msi/Documents/NetBeansProjects/WebTechLab/web/home.jsp</file>
            <file>file:/C:/Users/msi/Documents/NetBeansProjects/WebTechLab/web/requests.jsp</file>
            <file>file:/C:/Users/msi/Documents/NetBeansProjects/WebTechLab/web/search.jsp</file>
        </group>
    </open-files>
</project-private>
